{
	"plugin_id": "myreveil",
	"name_fr": "Mon réveil",
	"icon": "reveil.png",
	"version": "1.1",
	"creation_date": "2017-10-19",
	"modification_date": "2018-03-17",
	"author": "Influman",
	"description_fr": "Permet de créer une alarme à un horaire et jour donné.<br>Donne également l'heure actuelle, la date, et le jour de la semaine pour les règles",
	"description_en": "",
	"description_es": "",
	"description_it": "",
	"description_de": "",
	"forum_link": "http://forum.eedomus.com/viewtopic.php?f=50&t=6020",
	"parameters":
  [
		{
		"parameter": "ALARM", 
			"description": "Numéro de réveil",
			"xtype": "combo",
			"default_value": "1",
			"field": "width:40, allowBlank:false, store:[1,2,3,4,5,6,7,8,9,10], editable: false, shadow: true, triggerAction: 'all', typeAhead:true"
		},
       {
      "parameter": "HEURE", 
      "description": "Horaire Alarme (ex. : 07:00)",
      "xtype": "textfield",
      "default_value": "07:00",
			"field": "width:100, allowBlank:false"
    },
       {
      "parameter": "JOUR", 
      "description": "Jours de la semaine (ex. : LUN-MAR-MER-JEU-VEN)",
      "xtype": "textfield",
      "default_value": "LUN-MAR-MER-JEU-VEN",
			"field": "width:300, allowBlank:false"
    }

  ],
	"scripts":
	[
		{
			"name": "myreveil.php"
		}
	],
	"devices":
  [
		{
			"device_id": "reveil",
			"module_id": "51",
			"type": "http",
			"name_fr": "Réveil (plugin.parameters.ALARM)",
			"icon": "reveil.png",
			"utilisation_id": "35",
			"parameters":
			{
				"VAR1": "plugin.parameters.ALARM",
				"VAR2": "plugin.parameters.JOUR",
      			"VAR3": "",
				"value_type": "list",
				"ignore_errors": 3,
				"RAW_URL": "http://localhost/script/?exec=myreveil.php&mode=poll&alarm=[VAR1]&jour=[VAR2]",
				"RAW_XPATH": "/REVEIL/ALARM",
				"POLLING": "1"
			},
       "values":
			[
				{ "value": 0, "description": "TIC-TAC", "icon": "reveiltictac.png" },
				{ "value": 1, "description": "DRRRRING", "icon": "reveildring.png" }
			]

		},
       {
			"device_id": "alarm",
			"parent_id": "reveil",
			"module_id": "41",
			"type": "http",
			"name_fr": "Alarmes plugin.parameters.ALARM",
			"icon": "reveildring.png",
			"utilisation_id": "43",
			"parameters":
			{
				"VAR1": "plugin.parameters.ALARM",
				"VAR2": "plugin.parameters.JOUR",
      			"VAR3": "",
				"value_type": "list",
				"ignore_errors": 3,
				"RAW_URL": "",
				"RAW_XPATH": "",
				"POLLING": ""
			},
			"values":
			[
				{ "value": "0", "description": "Off", "icon": "reveiltictac.png", "http_url": "http://localhost/script/?exec=myreveil.php", "http_type": "GET",  "http_params": "&mode=set&alarm=[VAR1]" },
				{ "value": "1", "description":  "plugin.parameters.HEURE", "icon": "reveildring.png", "http_url": "http://localhost/script/?exec=myreveil.php", "http_type": "GET",  "http_params": "&mode=set&alarm=[VAR1]" }
			]
           	},
       {
			"device_id": "horloge",
			"parent_id": "reveil",
			"module_id": "51",
			"type": "http",
			"name_fr": "Horloge (plugin.parameters.ALARM)",
			"icon": "horloge.png",
			"utilisation_id": "35",
			"parameters":
			{
				"VAR1": "plugin.parameters.ALARM",
				"VAR2": "plugin.parameters.JOUR",
      			"VAR3": "",
				"value_type": "string",
				"ignore_errors": 3,
				"RAW_URL": "http://localhost/script/?exec=myreveil.php&mode=poll&alarm=[VAR1]&jour=[VAR2]",
				"RAW_XPATH": "/REVEIL/HORLOGE",
				"POLLING": "1"
			}
		},
       {
			"device_id": "calendrier",
			"parent_id": "reveil",
			"module_id": "51",
			"type": "http",
			"name_fr": "Calendrier (plugin.parameters.ALARM)",
			"icon": "calendar.png",
			"utilisation_id": "35",
			"parameters":
			{
				"VAR1": "plugin.parameters.ALARM",
				"VAR2": "plugin.parameters.JOUR",
      			"VAR3": "",
				"value_type": "string",
				"ignore_errors": 3,
				"RAW_URL": "http://localhost/script/?exec=myreveil.php&mode=poll&alarm=[VAR1]&jour=[VAR2]",
				"RAW_XPATH": "/REVEIL/CALENDRIER",
				"POLLING": "1"
			}
		},
		{
			"device_id": "day",
			"parent_id": "reveil",
			"module_id": "51",
			"type": "http",
			"name_fr": "Jour (plugin.parameters.ALARM)",
			"icon": "calendar.png",
			"utilisation_id": "35",
			"parameters":
			{
				"VAR1": "plugin.parameters.ALARM",
				"VAR2": "plugin.parameters.JOUR",
      			"VAR3": "",
				"value_type": "list",
				"ignore_errors": 3,
				"RAW_URL": "http://localhost/script/?exec=myreveil.php&mode=poll&alarm=[VAR1]&jour=[VAR2]",
				"RAW_XPATH": "/REVEIL/DAY",
				"POLLING": "1"
			},
			"values":
			[
				{ "value": "1", "description": "Lundi", "icon": "calendar.png" },
				{ "value": "2", "description": "Mardi", "icon": "calendar.png" },
				{ "value": "3", "description": "Mercredi", "icon": "calendar.png" },
				{ "value": "4", "description": "Jeudi", "icon": "calendar.png" },
				{ "value": "5", "description": "Vendredi", "icon": "calendar.png" },
				{ "value": "6", "description": "Samedi", "icon": "calendar.png" },
				{ "value": "7", "description": "Dimanche", "icon": "calendar.png" }
			]
		}
   ]
}


